regione,provincia,comune_istat,pro_com_t,totale_richiesto,totale_concesso,totale_liquidato
ABRUZZO,AQ,Anversa degli Abruzzi,066004,61677.17,61677.17,61211.02
ABRUZZO,AQ,Barete,066008,557377.8,548540.1099999999,558307.0599999999
ABRUZZO,AQ,Cagnano Amiterno,066013,1489229.3099999998,1264017.56,1128125.45
ABRUZZO,AQ,Calascio,066014,542656.29,510018.06,448577.46
ABRUZZO,AQ,Campotosto,066016,3907005.35,3607466.8400000003,3888012.7799999993
ABRUZZO,AQ,Cansano,066018,134534.44,133931.53,95966.43
ABRUZZO,AQ,Capestrano,066019,119157.17,118693.05,123440.51
ABRUZZO,AQ,Capitignano,066021,7512653.789999997,6713982.2,6422810.92
ABRUZZO,AQ,Castel del Monte,066026,196602.03,171044.84,170488.51
ABRUZZO,AQ,Castel di Ieri,066027,58373.73,58057.22,66191.77
ABRUZZO,AQ,Castelvecchio Subequo,066031,82732.77,77330.82,92971.08
ABRUZZO,AQ,Civitella Roveto,066036,146317.95,145071.09,162969.98
ABRUZZO,AQ,Corfinio,066041,357510.1,335046.19,311522.26
ABRUZZO,AQ,Gagliano Aterno,066045,184762.77000000002,114294.61,112277.68
ABRUZZO,AQ,Introdacqua,066048,2711539.89,2015187.1600000001,2627073.6999999997
ABRUZZO,AQ,"L'Aquila",066049,5613594.25,4827737.51,3245673.59
ABRUZZO,AQ,Molina Aterno,066055,843910.6499999999,830240.84,934143.8099999999
ABRUZZO,AQ,Montereale,066056,16250590.299999993,14445164.71,14247613.56
ABRUZZO,AQ,Navelli,066058,160461.61,160461.61,49878.15
ABRUZZO,AQ,Pacentro,066066,474801.52,452114.2,492109.32
ABRUZZO,AQ,Pizzoli,066072,2184778.9499999997,1648591.4,1649483.54
ABRUZZO,AQ,Pratola Peligna,066075,460395.51999999996,55337.47,58109.33
ABRUZZO,AQ,Raiano,066077,617683.12,616252.26,700831.36
ABRUZZO,AQ,San Pio delle Camere,066088,95835.86,95520.65,111484.46
ABRUZZO,AQ,Scoppito,066095,271521.37,201708.16999999998,194984.22
ABRUZZO,AQ,Sulmona,066098,59066.95,56979.42,66797.8
ABRUZZO,AQ,Tornimparte,066101,73788.65,66657.88,77080.8
ABRUZZO,AQ,"Villa Sant'Angelo",066105,135504.63,134539.14,152062.73
ABRUZZO,PE,Abbateggio,068001,71760.08,64882.46,60088.35
ABRUZZO,PE,Alanno,068002,503507.22,471032.8,459680.04000000004
ABRUZZO,PE,Bolognano,068003,152950.59,152449.09,127784.56
ABRUZZO,PE,Brittoli,068004,105486.39,105486.39,130745.86
ABRUZZO,PE,Carpineto della Nora,068008,150880.51,147944.33,147944.31
ABRUZZO,PE,Castiglione a Casauria,068009,756347.99,717496.1599999999,675912.7999999999
ABRUZZO,PE,Catignano,068010,1191416.54,1024607.8000000002,974081.33
ABRUZZO,PE,"Citt√† Sant'Angelo",068012,36427.36,30837.77,32009.49
ABRUZZO,PE,Civitaquana,068013,380677.81000000006,380776.62000000005,220108.8
ABRUZZO,PE,Civitella Casanova,068014,114606.18,110704.1,114070.26000000001
ABRUZZO,PE,Collecorvino,068015,264439.12,251778.32,282300.46
ABRUZZO,PE,Corvara,068016,76234.5,76234.5,87592.61
ABRUZZO,PE,Cugnoli,068017,160670.29,156867.56,156098.94
ABRUZZO,PE,Elice,068018,353313.08999999997,342301.22,365515.97
ABRUZZO,PE,Farindola,068019,1773102.8199999994,1642231.18,1540210.6499999997
ABRUZZO,PE,Loreto Aprutino,068021,106727.52,92359.49,101956.87
ABRUZZO,PE,Montesilvano,068024,184045.32,178652.23,180408.52
ABRUZZO,PE,Penne,068027,1762181.9799999997,1604492.44,1634065.42
ABRUZZO,PE,Pescosansonesco,068029,244781.7,155636.53999999998,153307.36
ABRUZZO,PE,Pianella,068030,118605.44,118605.43,139072.89
ABRUZZO,PE,Picciano,068031,754554.8,635886.95,610377.0
ABRUZZO,PE,Pietranico,068032,110965.33,109961.20999999999,164295.33
ABRUZZO,PE,San Valentino in Abruzzo Citeriore,068038,303934.48,301963.08,300238.29000000004
ABRUZZO,PE,Tocco da Casauria,068042,72710.03,71336.01,70512.66
ABRUZZO,PE,"Torre de' Passeri",068043,682582.21,547710.04,561311.87
ABRUZZO,PE,Villa Celiera,068046,166643.88,156325.6,188517.31
ABRUZZO,TE,Ancarano,067002,2548679.9200000004,2204525.16,2317070.27
ABRUZZO,TE,Arsita,067003,2224666.9800000004,1742308.8500000003,1827539.9
ABRUZZO,TE,Atri,067004,893097.91,767261.12,548225.89
ABRUZZO,TE,Basciano,067005,5028886.040000001,4680917.250000001,4859734.98
ABRUZZO,TE,Bellante,067006,3127491.6699999995,2336479.5900000003,3397137.5999999996
ABRUZZO,TE,Bisenti,067007,3687621.530000001,3291379.0700000008,3341764.02
ABRUZZO,TE,Campli,067008,13113155.890000002,11528618.450000001,11092490.330000004
ABRUZZO,TE,Canzano,067009,1073354.45,1074528.87,1028459.8899999998
ABRUZZO,TE,Castel Castagna,067010,7293056.970000001,6185497.36,5917895.0
ABRUZZO,TE,Castellalto,067011,1408297.3699999999,1263106.02,1198636.71
ABRUZZO,TE,Castelli,067012,4614647.9399999995,4335370.45,3947792.5000000005
ABRUZZO,TE,Castiglione Messer Raimondo,067013,1584609.77,820591.31,805288.87
ABRUZZO,TE,Castilenti,067014,639406.33,416548.75,208205.47
ABRUZZO,TE,Cellino Attanasio,067015,2408296.8,2068890.72,2139675.4600000004
ABRUZZO,TE,Cermignano,067016,1551797.19,1384745.9,1396597.3499999999
ABRUZZO,TE,Civitella del Tronto,067017,5855433.039999999,5332815.389999999,5403130.129999999
ABRUZZO,TE,Colledara,067018,6437324.06,5874151.949999999,6150714.020000001
ABRUZZO,TE,Colonnella,067019,267156.17,261028.28,261028.27
ABRUZZO,TE,Controguerra,067020,894932.01,822284.1499999999,776925.5
ABRUZZO,TE,Corropoli,067021,3698817.4399999995,3022070.400000001,3763056.019999999
ABRUZZO,TE,Cortino,067022,2322405.1100000003,2130435.65,2003775.12
ABRUZZO,TE,Crognaleto,067023,3897426.5999999987,3511707.9299999997,3180812.6399999997
ABRUZZO,TE,Fano Adriano,067024,694968.36,686824.2700000001,547721.8
ABRUZZO,TE,"Isola del Gran Sasso d'Italia",067026,6532201.85,5647292.190000002,5481193.249999998
ABRUZZO,TE,Martinsicuro,067047,261214.89,253474.33,249105.4
ABRUZZO,TE,Montefino,067027,1187400.3,894750.2800000001,760945.77
ABRUZZO,TE,Montorio al Vomano,067028,33740009.94999998,30464704.28999998,30242123.2
ABRUZZO,TE,"Morro d'Oro",067029,93638.76,87480.49,85551.23
ABRUZZO,TE,"Mosciano Sant'Angelo",067030,1213110.95,1153339.1,1132986.45
ABRUZZO,TE,Nereto,067031,518898.13,312351.83999999997,347472.76999999996
ABRUZZO,TE,Notaresco,067032,1233728.54,1241514.2200000002,1030483.12
ABRUZZO,TE,"Penna Sant'Andrea",067033,2775993.07,2544905.3299999996,2287615.12
ABRUZZO,TE,Pietracamela,067034,3988497.52,3008881.56,2349584.1
ABRUZZO,TE,Pineto,067035,85416.91,70657.14,73675.49
ABRUZZO,TE,Rocca Santa Maria,067036,3007051.51,2695558.0100000002,2528745.05
ABRUZZO,TE,Roseto degli Abruzzi,067037,872353.27,808736.71,621517.15
ABRUZZO,TE,"Sant'Egidio alla Vibrata",067038,4069973.8,2922375.9699999997,3152226.3899999997
ABRUZZO,TE,"Sant'Omero",067039,766419.03,762345.86,855286.69
ABRUZZO,TE,Teramo,067041,62078477.23999997,50570655.72000003,49535698.38000001
ABRUZZO,TE,Torano Nuovo,067042,777201.4,718751.8200000001,852843.5000000001
ABRUZZO,TE,Torricella Sicura,067043,11918555.290000003,10564807.45,10499874.52
ABRUZZO,TE,Tossicia,067045,5068778.009999999,4746849.219999999,4911173.480000001
ABRUZZO,TE,Valle Castellana,067046,4875181.3999999985,4379158.339999999,4360195.34
LAZIO,RI,Accumoli,057001,11111899.289999997,10083133.2,8912663.06
LAZIO,RI,Amatrice,057002,95269882.82000007,88653782.60000004,82681827.24000004
LAZIO,RI,Antrodoco,057003,14605088.8,12530028.350000003,11781054.8
LAZIO,RI,Belmonte in Sabina,057005,15966.61,185754.08,92877.05
LAZIO,RI,Borbona,057006,10784001.280000001,8478600.57,7345102.460000002
LAZIO,RI,Borgo Velino,057008,2231719.98,1317932.5100000002,928487.11
LAZIO,RI,Cantalice,057009,2358642.57,2068598.2300000002,1881400.0200000003
LAZIO,RI,Casaprota,057011,33137.12,32115.65,30545.01
LAZIO,RI,Casperia,057012,75031.27,69162.08,69162.08
LAZIO,RI,"Castel Sant'Angelo",057015,1832684.8299999998,1939041.3499999999,1741125.1
LAZIO,RI,Castelnuovo di Farfa,057014,88342.85,88342.84,28382.55
LAZIO,RI,Cittaducale,057016,15304921.559999999,12746674.610000001,12285117.749999998
LAZIO,RI,Cittareale,057017,6294692.729999999,5168404.340000002,4739201.920000001
LAZIO,RI,Collevecchio,057021,391460.52999999997,404985.21,404985.21
LAZIO,RI,Concerviano,057023,546596.48,528711.16,428387.91000000003
LAZIO,RI,Contigliano,057025,3165234.5599999996,3087698.0399999996,2845080.07
LAZIO,RI,Cottanello,057026,693764.17,563765.69,477440.16
LAZIO,RI,Fiamignano,057028,1465369.1300000004,1404468.24,1327191.5199999998
LAZIO,RI,Forano,057029,180641.86,175656.05,169816.98
LAZIO,RI,Greccio,057031,156614.83000000002,108487.09,106309.83
LAZIO,RI,Leonessa,057033,29986345.72,29078541.47,26484575.83
LAZIO,RI,Magliano Sabina,057035,576850.0599999999,564391.71,272372.43
LAZIO,RI,Marcetelli,057036,402208.02,427012.97,427012.97
LAZIO,RI,Micigliano,057037,125492.26999999999,131414.63,131414.62
LAZIO,RI,Mompeo,057038,213888.01,141690.62,141690.62
LAZIO,RI,Monte San Giovanni in Sabina,057043,125028.1,133035.22,133035.22
LAZIO,RI,Pescorocchiano,057049,259022.71,254140.88999999998,254140.88
LAZIO,RI,Petrella Salto,057050,331803.32999999996,307855.81,307855.81
LAZIO,RI,Poggio Bustone,057051,558345.79,573206.0800000001,519379.41000000003
LAZIO,RI,Poggio Mirteto,057053,151961.65,100008.96,100008.96
LAZIO,RI,Poggio Moiano,057054,364060.07,322246.75,293663.3
LAZIO,RI,Poggio Nativo,057055,62896.68,44956.76,44956.76
LAZIO,RI,Posta,057057,5999610.800000004,6097882.750000003,5308084.27
LAZIO,RI,Rieti,057059,22109518.48999999,21617045.099999998,19385691.640000004
LAZIO,RI,Rivodutri,057060,306814.44,310908.51,277028.87
LAZIO,RI,Rocca Sinibalda,057062,39823.15,35722.92,35722.92
LAZIO,RI,Roccantica,057061,41649.21,20671.66,20596.39
LAZIO,RI,Salisano,057063,321944.08,320648.54,241199.75
LAZIO,RI,Selci,057065,35717.58,32223.61,31498.78
LAZIO,RI,Tarano,057067,1693247.57,1714639.5899999999,1712003.74
LAZIO,RI,Torri in Sabina,057070,113574.44,93819.73999999999,92335.02
LAZIO,RI,Torricella in Sabina,057069,71105.77,34324.24,34324.23
LAZIO,RM,Filacciano,058037,744476.88,872620.88,872620.88
LAZIO,VT,Orte,056042,62503.77,58822.75,57515.94
MARCHE,AN,Ancona,042002,4920219.23,4712905.23,4473095.98
MARCHE,AN,Arcevia,042003,563465.49,614722.01,614722.01
MARCHE,AN,Belvedere Ostrense,042005,976526.57,787079.24,787079.24
MARCHE,AN,Castelbellino,042008,807668.34,887886.8600000001,887886.8600000001
MARCHE,AN,Castelfidardo,042010,380397.69,358079.55,358079.55
MARCHE,AN,Castelleone di Suasa,042011,236366.79,236798.89,236798.89
MARCHE,AN,Castelplanio,042012,1372791.31,1378992.0199999998,1500525.66
MARCHE,AN,"Cerreto d'Esi",042013,4778363.609999999,4701057.880000001,4821071.1
MARCHE,AN,Cupramontana,042016,4490100.3,4495862.44,4382327.21
MARCHE,AN,Fabriano,042017,37359167.059999995,37274862.17999999,37579615.68000001
MARCHE,AN,Falconara Marittima,042018,181166.44,165812.22,165812.22
MARCHE,AN,Filottrano,042019,1725704.56,1820495.35,1578629.32
MARCHE,AN,Genga,042020,2891295.0999999996,2862463.590000001,4388072.530000001
MARCHE,AN,Jesi,042021,408058.74,441116.28,415562.65
MARCHE,AN,Loreto,042022,217104.93,76104.6,76104.6
MARCHE,AN,Maiolati Spontini,042023,6726423.73,6073398.4799999995,5974201.62
MARCHE,AN,Mergo,042024,492584.94,500550.18,494556.19999999995
MARCHE,AN,Monte Roberto,042029,1575073.17,1650008.3399999999,1493158.6199999999
MARCHE,AN,Monte San Vito,042030,607145.51,625805.69,625805.69
MARCHE,AN,"Morro d'Alba",042031,418368.71,425718.51,444621.58
MARCHE,AN,Offagna,042033,248113.77,228036.18,196557.58
MARCHE,AN,Osimo,042034,250038.08,197429.69,132414.81
MARCHE,AN,Ostra,042035,1114775.82,740402.81,740402.81
MARCHE,AN,Poggio San Marcello,042037,134380.11,132173.0,132173.0
MARCHE,AN,Polverigi,042038,11796.49,11770.16,11770.16
MARCHE,AN,Rosora,042040,261027.72000000003,273162.80000000005,266561.54000000004
MARCHE,AN,San Marcello,042041,108530.09,94051.3,746574.53
MARCHE,AN,San Paolo di Jesi,042042,306708.83999999997,300194.42000000004,299060.77
MARCHE,AN,Santa Maria Nuova,042043,681425.7,765129.4199999999,948599.55
MARCHE,AN,Sassoferrato,042044,5608890.25,5415920.98,5504668.710000001
MARCHE,AN,Serra San Quirico,042047,2750013.94,2830231.61,3041519.1799999997
MARCHE,AN,"Serra de' Conti",042046,301637.74,328539.11,328539.11
MARCHE,AN,Sirolo,042048,1599060.86,1555786.7,1123636.79
MARCHE,AN,Staffolo,042049,3745681.95,3424710.64,3282949.17
MARCHE,AP,Acquasanta Terme,044001,69147454.55999999,74053890.05999996,71967853.85999994
MARCHE,AP,Acquaviva Picena,044002,971541.6200000001,945158.31,880956.9500000001
MARCHE,AP,Appignano del Tronto,044005,10725478.71,10624261.030000001,10340492.93
MARCHE,AP,Arquata del Tronto,044006,53237448.12999999,47452267.01999999,44636630.45999999
MARCHE,AP,Ascoli Piceno,044007,159810660.70000005,161286709.06000015,164695334.5900002
MARCHE,AP,Carassai,044010,2387280.78,2352722.41,2332364.7399999998
MARCHE,AP,Castel di Lama,044011,43183612.53000001,41900566.00999998,43007349.009999976
MARCHE,AP,Castignano,044012,11490858.13,12018223.860000003,11575562.39
MARCHE,AP,Castorano,044013,4582332.070000001,4461243.609999999,4250706.55
MARCHE,AP,Colli del Tronto,044014,7047932.759999999,7057159.8999999985,6919732.449999999
MARCHE,AP,Comunanza,044015,17148464.520000003,16921441.430000003,17272126.31
MARCHE,AP,Cossignano,044016,4622703.029999998,4993450.13,4853125.680000002
MARCHE,AP,Cupra Marittima,044017,135265.84,84946.06,84946.06
MARCHE,AP,Folignano,044020,16147131.260000002,16196896.73,16595734.510000002
MARCHE,AP,Force,044021,11581649.180000005,12080504.97,12745349.36
MARCHE,AP,Grottammare,044023,1460311.22,2228154.3200000003,2162017.25
MARCHE,AP,Maltignano,044027,5307731.340000001,5580660.18,6638902.409999999
MARCHE,AP,Massignano,044029,109672.69,98638.14,61820.98
MARCHE,AP,Monsampolo del Tronto,044031,3965946.28,4217092.819999999,4217092.819999999
MARCHE,AP,Montalto delle Marche,044032,9296182.079999998,10133307.5,9626969.159999998
MARCHE,AP,Montedinove,044034,6350575.669999999,7216122.699999998,7184149.69
MARCHE,AP,"Montefiore dell'Aso",044036,3379322.69,3183581.23,3005315.23
MARCHE,AP,Montegallo,044038,21464412.269999992,22602509.799999993,23768853.89999999
MARCHE,AP,Montemonaco,044044,18789891.58000001,18800050.790000003,18540548.780000005
MARCHE,AP,Monteprandone,044045,1190597.7,655687.54,651962.85
MARCHE,AP,Offida,044054,16031911.970000003,18595688.439999998,18922498.009999998
MARCHE,AP,Palmiano,044056,1484689.6099999999,1556821.2500000002,1920417.8400000003
MARCHE,AP,Ripatransone,044063,2764639.07,3543199.52,3532494.2099999995
MARCHE,AP,Roccafluvione,044064,12972574.639999995,13891280.959999999,15236381.359999998
MARCHE,AP,Rotella,044065,16292647.880000003,16342509.750000002,16199433.080000002
MARCHE,AP,San Benedetto del Tronto,044066,NULL,NULL,828152.97
MARCHE,AP,Spinetoli,044071,1631872.8199999998,1343750.5299999998,1329758.3199999998
MARCHE,AP,Venarotta,044073,11079263.309999997,11275324.230000002,11947811.350000003
MARCHE,FM,Amandola,109002,27110114.55000001,26279299.60000001,26511032.540000003
MARCHE,FM,Belmonte Piceno,109003,1848645.44,1961756.67,2044515.71
MARCHE,FM,Campofilone,109004,306273.87,335695.54,335695.54
MARCHE,FM,Falerone,109005,12629126.610000005,12745198.190000001,12584783.229999999
MARCHE,FM,Fermo,109006,31174821.74999999,32322358.079999987,30801446.299999997
MARCHE,FM,"Francavilla d'Ete",109007,272901.31999999995,297130.7,297130.7
MARCHE,FM,Grottazzolina,109008,1185957.6,1068288.83,981608.53
MARCHE,FM,Lapedona,109009,32105.48,24734.74,24734.74
MARCHE,FM,Magliano di Tenna,109010,1129686.47,1431268.29,1394870.0
MARCHE,FM,Massa Fermana,109011,924122.9200000002,1020447.1699999999,1020447.1699999999
MARCHE,FM,Monsampietro Morico,109012,962220.21,967991.5399999999,967991.5399999999
MARCHE,FM,Montappone,109013,4035070.47,3665057.05,3651467.9499999997
MARCHE,FM,Monte Giberto,109016,443448.5,575608.6,575608.6
MARCHE,FM,Monte Rinaldo,109021,3177342.11,3020495.45,2861668.8000000003
MARCHE,FM,Monte San Pietrangeli,109023,966440.21,1001837.9,961381.28
MARCHE,FM,Monte Urano,109024,816723.8899999999,825116.7300000001,915066.0600000002
MARCHE,FM,Monte Vidon Combatte,109025,545468.1,609276.9199999999,602898.4299999999
MARCHE,FM,Monte Vidon Corrado,109026,1491609.6300000001,1490532.8800000001,1437002.26
MARCHE,FM,Montefalcone Appennino,109014,3957493.07,3722655.7400000007,3565439.29
MARCHE,FM,Montefortino,109015,21219833.379999995,21159818.899999987,24058076.16999999
MARCHE,FM,Montegiorgio,109017,11348018.840000002,11907519.579999994,11965024.099999994
MARCHE,FM,Montegranaro,109018,2708061.36,2314247.62,2282169.4299999997
MARCHE,FM,Monteleone di Fermo,109019,1049764.4400000002,1093310.1100000003,1093310.1100000003
MARCHE,FM,Montelparo,109020,2603855.6300000004,2664696.6100000003,2173119.27
MARCHE,FM,Monterubbiano,109022,48568.11,54696.21,54696.31
MARCHE,FM,Montottone,109027,6726406.68,6774090.01,6763390.01
MARCHE,FM,Ortezzano,109029,786461.47,828389.13,810067.2200000001
MARCHE,FM,Pedaso,109030,329185.75,357976.85,344252.26
MARCHE,FM,Petritoli,109031,1124384.82,1007494.09,946419.9299999999
MARCHE,FM,Porto San Giorgio,109033,398230.8,442519.05,442519.05
MARCHE,FM,"Porto Sant'Elpidio",109034,234193.68,288253.91000000003,548352.65
MARCHE,FM,Rapagnano,109035,672503.0700000001,775422.55,1632165.8
MARCHE,FM,"Sant'Elpidio a Mare",109037,2043748.0799999998,2143569.95,2082854.23
MARCHE,FM,Santa Vittoria in Matenano,109036,4398996.04,4630635.699999999,4411433.21
MARCHE,FM,Servigliano,109038,4298882.380000001,4417944.269999999,4451488.42
MARCHE,FM,Smerillo,109039,3209027.81,3200459.4400000004,3481072.6199999996
MARCHE,FM,Torre San Patrizio,109040,1261276.29,1366434.07,1229000.58
MARCHE,MC,Apiro,043002,12279058.710000003,12888110.98,12791587.1
MARCHE,MC,Appignano,043003,5446492.92,5427885.349999999,4992197.2700000005
MARCHE,MC,Belforte del Chienti,043004,11207128.469999999,11551998.309999999,13308353.389999999
MARCHE,MC,Bolognola,043005,2531498.47,2597399.38,2395400.28
MARCHE,MC,Caldarola,043006,27546977.619999994,28282955.330000006,28373203.7
MARCHE,MC,Camerino,043007,85416279.91000001,87025515.32000005,91025444.14000005
MARCHE,MC,Camporotondo di Fiastrone,043008,5708777.49,5783555.8,5061735.04
MARCHE,MC,Castelraimondo,043009,26062687.139999986,26718431.35000001,26770147.97000001
MARCHE,MC,Castelsantangelo sul Nera,043010,7614557.98,8006210.799999998,7936271.77
MARCHE,MC,Cessapalombo,043011,6859639.4799999995,6900720.160000001,7374217.76
MARCHE,MC,Cingoli,043012,25573555.479999993,26294358.93999999,26680635.459999986
MARCHE,MC,Civitanova Marche,043013,481964.19999999995,489721.49,368655.27
MARCHE,MC,Colmurano,043014,5228406.01,5235037.24,5548683.33
MARCHE,MC,Corridonia,043015,18494399.589999992,16166433.240000004,15905895.790000003
MARCHE,MC,Esanatoglia,043016,9464511.760000004,9607884.739999993,9647659.249999994
MARCHE,MC,Fiastra,043017,23597959.92999999,23787254.419999987,25785047.079999994
MARCHE,MC,Fiuminata,043019,3969524.8899999997,3810852.38,3794643.4699999993
MARCHE,MC,Gagliole,043020,6502988.090000001,6865047.710000001,7315743.920000001
MARCHE,MC,Gualdo,043021,12706288.820000004,12635683.810000004,11808871.960000005
MARCHE,MC,Loro Piceno,043022,9744669.18,10509916.27,11564744.59
MARCHE,MC,Macerata,043023,58946191.38999999,61136229.74999999,60444461.75999997
MARCHE,MC,Matelica,043024,59492270.830000006,55360243.05,61850437.98999999
MARCHE,MC,Mogliano,043025,10124073.59,10276168.61,10067525.229999999
MARCHE,MC,Monte Cavallo,043027,3357942.46,3538339.69,3470099.66
MARCHE,MC,Monte San Giusto,043031,1621066.7400000002,1661652.8699999999,1629696.83
MARCHE,MC,Monte San Martino,043032,4726917.469999999,4646533.3100000005,4025750.0400000005
MARCHE,MC,Montecassiano,043026,2307743.56,3097733.52,3054436.5
MARCHE,MC,Montecosaro,043028,1133185.54,645908.01,484678.26
MARCHE,MC,Montefano,043029,1897106.2300000004,1825418.5499999998,1692225.77
MARCHE,MC,Montelupone,043030,4368550.9399999995,3790295.349999999,3891039.6499999994
MARCHE,MC,Morrovalle,043033,2571846.2199999997,2407981.45,2420136.42
MARCHE,MC,Muccia,043034,22408181.2,22014088.779999997,20309709.549999993
MARCHE,MC,Penna San Giovanni,043035,7419194.999999998,6998831.329999999,7124251.619999998
MARCHE,MC,Petriolo,043036,6050525.630000001,5876817.46,6053187.56
MARCHE,MC,Pieve Torina,043038,28206318.72,29186256.46999999,31418775.379999995
MARCHE,MC,Pioraco,043039,16461584.589999996,16877518.44,15840771.450000001
MARCHE,MC,Poggio San Vicino,043040,473062.49999999994,480423.33,478044.29000000004
MARCHE,MC,Pollenza,043041,13205089.929999994,13672111.52,12755972.059999999
MARCHE,MC,Porto Recanati,043042,128119.8,130659.49,127484.7
MARCHE,MC,Potenza Picena,043043,2443703.37,2372809.5199999996,2346240.1500000004
MARCHE,MC,Recanati,043044,3838792.6199999996,4255475.55,4242452.18
MARCHE,MC,Ripe San Ginesio,043045,7270744.600000001,7281642.039999999,7820035.65
MARCHE,MC,San Ginesio,043046,56327258.91000001,57619908.50000004,58408879.31000003
MARCHE,MC,San Severino Marche,043047,126377358.76999994,128861369.87999988,135187109.68999985
MARCHE,MC,"Sant'Angelo in Pontano",043048,11261110.089999996,11350773.829999998,12099656.849999998
MARCHE,MC,Sarnano,043049,38553021.9,36982455.11000001,36466394.45
MARCHE,MC,Sefro,043050,3892923.8900000006,3720004.3400000003,3717885.360000001
MARCHE,MC,Serrapetrona,043051,12578011.110000001,12292612.360000007,15459366.140000006
MARCHE,MC,Serravalle di Chienti,043052,8333303.379999998,8391263.98,7935480.700000002
MARCHE,MC,Tolentino,043053,180909530.03999996,189061110.26000005,197387050.75000006
MARCHE,MC,Treia,043054,28564381.39,29011526.02000001,27999096.43000001
MARCHE,MC,Urbisaglia,043055,4516104.9799999995,4721812.369999999,5469840.49
MARCHE,MC,Ussita,043056,13922240.129999997,15106219.809999999,15351233.700000005
MARCHE,MC,Valfornace,043058,24522270.56,23102233.26000001,24476072.770000003
MARCHE,MC,Visso,043057,22892792.500000007,24772784.97,25598158.729999997
MARCHE,PU,Cagli,041007,501947.3,458370.67,454058.58
MARCHE,PU,Cantiano,041008,199983.47,179580.13,179580.13
MARCHE,PU,Mondavio,041028,354168.99,351381.96,351381.96
MARCHE,PU,Pergola,041043,2592477.15,2395387.7199999997,2369113.6199999996
MARCHE,PU,San Lorenzo in Campo,041054,200814.58000000002,139843.62,95887.72
MARCHE,PU,"Serra Sant'Abbondio",041061,740958.94,574993.66,556776.41
UMBRIA,PG,Assisi,054001,2863584.1800000006,2795805.34,2465086.31
UMBRIA,PG,Bastia Umbra,054002,1558445.74,1382148.63,1165493.77
UMBRIA,PG,Bettona,054003,1191442.49,1016760.2999999999,780255.84
UMBRIA,PG,Bevagna,054004,5483893.710000001,6012820.05,5223653.69
UMBRIA,PG,Campello sul Clitunno,054005,3060503.23,2998065.3600000003,1807699.3500000003
UMBRIA,PG,Cannara,054006,1578319.5099999998,1457115.0799999998,814240.3400000001
UMBRIA,PG,Cascia,054007,47508855.200000025,42187250.99,30733960.25999999
UMBRIA,PG,Castel Ritaldi,054008,2099054.83,1815063.9200000002,1708364.73
UMBRIA,PG,Cerreto di Spoleto,054010,5401291.669999999,4610019.64,3905386.13
UMBRIA,PG,Collazzone,054014,1592372.0699999998,985692.05,756287.47
UMBRIA,PG,Deruta,054017,5541688.17,4978888.01,4591139.95
UMBRIA,PG,Foligno,054018,22930019.46,21716975.29000001,17275316.130000003
UMBRIA,PG,Fossato di Vico,054019,957073.99,837617.7000000001,674000.1900000001
UMBRIA,PG,Fratta Todina,054020,535275.21,491448.04000000004,410893.36
UMBRIA,PG,"Giano dell'Umbria",054021,2284502.48,1682797.1900000002,1574116.57
UMBRIA,PG,Gualdo Cattaneo,054022,2082588.2699999998,2265634.5500000003,1752793.5500000003
UMBRIA,PG,Gualdo Tadino,054023,3597798.04,3690447.900000001,3209046.4
UMBRIA,PG,Gubbio,054024,4039599.44,3173811.33,2418946.1399999997
UMBRIA,PG,Marsciano,054027,7911418.329999999,7593342.920000001,6696389.1899999995
UMBRIA,PG,Massa Martana,054028,1149545.8800000001,1056527.2699999998,900925.2699999999
UMBRIA,PG,Monte Castello di Vibio,054029,686097.01,609903.3500000001,536133.16
UMBRIA,PG,Montefalco,054030,6839945.900000002,6043434.790000001,4976789.24
UMBRIA,PG,Monteleone di Spoleto,054031,4315948.37,4258898.499999999,3213580.640000001
UMBRIA,PG,Nocera Umbra,054034,399708.46,391308.23,100832.86
UMBRIA,PG,Norcia,054035,140361574.33999997,131457159.31000017,104802336.04
UMBRIA,PG,Passignano sul Trasimeno,054038,223457.73,217440.95,136990.99
UMBRIA,PG,Perugia,054039,1226994.3499999999,1050543.1199999999,1023348.52
UMBRIA,PG,Piegaro,054040,58085.32,55740.0,27870.01
UMBRIA,PG,Poggiodomo,054042,1524295.89,1519155.7199999997,922470.0799999998
UMBRIA,PG,Preci,054043,11111661.889999999,10482344.230000004,7705151.420000002
UMBRIA,PG,"Sant'Anatolia di Narco",054045,1943536.2499999998,2078821.77,1774407.5099999998
UMBRIA,PG,Scheggia e Pascelupo,054046,543251.31,467864.14,305329.30000000005
UMBRIA,PG,Scheggino,054047,602988.06,492377.68,375908.92000000004
UMBRIA,PG,Sellano,054048,4869749.899999999,4563771.869999999,4090694.2
UMBRIA,PG,Spello,054050,5708205.05,5057548.279999999,3960855.0500000017
UMBRIA,PG,Spoleto,054051,84134506.36999996,82440663.38999994,68005754.81
UMBRIA,PG,Todi,054052,8334427.509999999,8227497.329999999,7054831.989999998
UMBRIA,PG,Torgiano,054053,53933.34,58732.11,22935.2
UMBRIA,PG,Trevi,054054,2434712.4600000004,1701996.8800000001,932010.57
UMBRIA,PG,Valfabbrica,054057,345451.67000000004,253956.28,150120.76
UMBRIA,PG,Vallo di Nera,054058,1448624.29,1460924.4800000002,1082628.5599999998
UMBRIA,PG,Valtopina,054059,135737.59,129537.09,32911.06
UMBRIA,TR,Acquasparta,055001,1790291.33,1222290.95,1376690.82
UMBRIA,TR,Alviano,055003,30724.91,28144.83,3593.24
UMBRIA,TR,Amelia,055004,5449929.74,5506659.500000001,5180364.5
UMBRIA,TR,Arrone,055005,2151931.5900000003,2142055.77,1861880.0599999998
UMBRIA,TR,Avigliano Umbro,055033,1678671.2,1646729.77,1597244.8800000001
UMBRIA,TR,Baschi,055007,158857.74,123513.51,58564.37
UMBRIA,TR,"Calvi dell'Umbria",055008,243273.64,230528.52,192162.61
UMBRIA,TR,Ferentillo,055012,2432322.0500000003,2265518.7100000004,1789389.18
UMBRIA,TR,Giove,055014,14019220.07,14424331.88,14424331.88
UMBRIA,TR,Montecastrilli,055017,1569235.68,1622889.08,1419908.88
UMBRIA,TR,Montecchio,055018,357392.9,290666.7,303981.97
UMBRIA,TR,Montefranco,055019,519446.86,533652.5,359304.37999999995
UMBRIA,TR,Narni,055022,4991415.37,1988919.3599999999,1883718.73
UMBRIA,TR,Otricoli,055024,238454.41,218837.07,145987.56
UMBRIA,TR,San Venanzo,055030,1418961.75,1383992.74,1342727.84
UMBRIA,TR,Stroncone,055031,977062.4,1343575.68,1189600.61
UMBRIA,TR,Terni,055032,3665269.5699999994,3538503.97,2788945.5000000005
