regione,provincia,comune_istat,area_kmq,pro_com_t,richiesto_per_kmq,concesso_per_kmq,liquidato_per_kmq
ABRUZZO,AQ,Anversa degli Abruzzi,32.4329,066004,1901.6853257032212,1901.6853257032212,1887.3125745770499
ABRUZZO,AQ,Barete,24.5883,066008,22668.415465892318,22308.988828019825,22706.20823725105
ABRUZZO,AQ,Cagnano Amiterno,61.3147,066013,24288.291551618124,20615.24495757135,18398.939406047815
ABRUZZO,AQ,Calascio,39.4433,066014,13757.882580818543,12930.41048796627,11372.716278810343
ABRUZZO,AQ,Campotosto,51.7244,066016,75535.05405572611,69744.00553703861,75167.86622947776
ABRUZZO,AQ,Cansano,37.6995,066018,3568.6001140598682,3552.607594265176,2545.5624079894956
ABRUZZO,AQ,Capestrano,43.6574,066019,2729.369362353232,2718.7384040277248,2827.481938915281
ABRUZZO,AQ,Capitignano,30.6391,066021,245198.2528860181,219131.18205169213,209627.92379671728
ABRUZZO,AQ,Castel del Monte,58.0313,066026,3387.861895218615,2947.458354370831,2937.871631343775
ABRUZZO,AQ,Castel di Ieri,18.8838,066027,3091.206748641693,3074.44582128597,3505.214522500768
ABRUZZO,AQ,Castelvecchio Subequo,19.2942,066031,4287.960630655845,4007.9827098298974,4818.602481574774
ABRUZZO,AQ,Civitella Roveto,45.452,066036,3219.1751738097337,3191.7427175921853,3585.540350259615
ABRUZZO,AQ,Corfinio,17.9499,066041,19917.108173304587,18665.629892088535,17355.097242881577
ABRUZZO,AQ,Gagliano Aterno,32.1491,066045,5747.058860123612,3555.1418235658234,3492.405075103191
ABRUZZO,AQ,Introdacqua,37.1068,066048,73073.93496609786,54307.759224724316,70797.6354738215
ABRUZZO,AQ,"L'Aquila",473.9067,066049,11845.357430059545,10187.10541547524,6848.760715980592
ABRUZZO,AQ,Molina Aterno,12.2078,066055,69128.80699225084,68009.04667507658,76520.24197644128
ABRUZZO,AQ,Montereale,104.4085,066056,155644.32301967745,138352.38232519384,136460.28398071037
ABRUZZO,AQ,Navelli,42.0036,066058,3820.187079202735,3820.187079202735,1187.473216581436
ABRUZZO,AQ,Pacentro,72.5874,066066,6541.101072637951,6228.549307455564,6779.541903966804
ABRUZZO,AQ,Pizzoli,56.4355,066072,38712.84829584215,29211.957012873103,29227.765147823622
ABRUZZO,AQ,Pratola Peligna,28.6736,066075,16056.425422688464,1929.9100915127503,2026.579501701914
ABRUZZO,AQ,Raiano,28.9925,066077,21304.92782616194,21255.575062516167,24172.850219884454
ABRUZZO,AQ,San Pio delle Camere,17.2122,066088,5567.902999035568,5549.58982582122,6477.060457117626
ABRUZZO,AQ,Scoppito,53.0036,066095,5122.69676022006,3805.5560377030993,3678.697673365583
ABRUZZO,AQ,Sulmona,57.9277,066098,1019.6667570091682,983.6299386994477,1153.1236351520947
ABRUZZO,AQ,Tornimparte,65.9606,066101,1118.6776651516207,1010.5711591465209,1168.5885210261883
ABRUZZO,AQ,"Villa Sant'Angelo",5.2153,066105,25982.135255881734,25797.008801027747,29157.04369834909
ABRUZZO,PE,Abbateggio,15.4014,068001,4659.321879829106,4212.763774721779,3901.4862285246795
ABRUZZO,PE,Alanno,32.5275,068002,15479.431865344706,14481.063715317807,14132.043347936362
ABRUZZO,PE,Bolognano,16.9583,068003,9019.217138510345,8989.644598810022,7535.222280535195
ABRUZZO,PE,Brittoli,15.9862,068004,6598.59065944377,6598.59065944377,8178.670353179617
ABRUZZO,PE,Carpineto della Nora,24.0818,068008,6265.333571410775,6143.408300044016,6143.407469541313
ABRUZZO,PE,Castiglione a Casauria,16.5744,068009,45633.50649193938,43289.419828168735,40780.529008591555
ABRUZZO,PE,Catignano,17.0254,068010,69978.76936812057,60181.129371409785,57213.4181869442
ABRUZZO,PE,"Citt√† Sant'Angelo",61.9994,068012,587.5437504233912,497.3882005309729,516.287093100901
ABRUZZO,PE,Civitaquana,21.8798,068013,17398.596422270773,17403.112459894517,10059.909139937294
ABRUZZO,PE,Civitella Casanova,31.096,068014,3685.560200668896,3560.0752508361206,3668.325829688706
ABRUZZO,PE,Collecorvino,31.9847,068015,8267.675482339993,7871.8362216934975,8826.10935853705
ABRUZZO,PE,Corvara,13.7324,068016,5551.433107104366,5551.433107104366,6378.536162651831
ABRUZZO,PE,Cugnoli,15.9615,068017,10066.11471352943,9827.870814146541,9779.716192087211
ABRUZZO,PE,Elice,14.3097,068018,24690.46101595421,23920.92217167376,25543.23081546084
ABRUZZO,PE,Farindola,45.472,068019,38993.28861717099,36115.2177163969,33871.62759500351
ABRUZZO,PE,Loreto Aprutino,59.4993,068021,1793.7609350025969,1552.2785982356097,1713.5810001126063
ABRUZZO,PE,Montesilvano,23.6647,068024,7777.20909202314,7549.313111934654,7623.528715766521
ABRUZZO,PE,Penne,91.1943,068027,19323.378544492363,17594.218498305265,17918.50389772168
ABRUZZO,PE,Pescosansonesco,18.3464,068029,13342.219727030917,8483.21959621506,8356.263899184582
ABRUZZO,PE,Pianella,47.0484,068030,2520.923984662603,2520.923772115523,2955.953656234856
ABRUZZO,PE,Picciano,7.558,068031,99835.24741995237,84134.28817147393,80759.0632442445
ABRUZZO,PE,Pietranico,14.771,068032,7512.377631846185,7444.398483514995,11122.830546340801
ABRUZZO,PE,San Valentino in Abruzzo Citeriore,16.3972,068038,18535.75488498036,18415.527041202156,18310.3389603103
ABRUZZO,PE,Tocco da Casauria,29.6677,068042,2450.8145221908,2404.50085446462,2376.748450334876
ABRUZZO,PE,"Torre de' Passeri",5.9177,068043,115345.86241276171,92554.54652990183,94853.04594690504
ABRUZZO,PE,Villa Celiera,13.1817,068046,12642.062859873917,11859.289772942793,14301.441392233171
ABRUZZO,TE,Ancarano,13.9192,067002,183105.3451347779,158380.16265302605,166465.76455543423
ABRUZZO,TE,Arsita,34.136,067003,65170.69896883057,51040.21707288494,53537.02542770095
ABRUZZO,TE,Atri,92.1814,067004,9688.482817574913,8323.3832421725,5947.250638415126
ABRUZZO,TE,Basciano,18.8534,067005,266736.29371890484,248279.7399938473,257764.38096046337
ABRUZZO,TE,Bellante,50.0441,067006,62494.71306307835,46688.4126200691,67882.87930045699
ABRUZZO,TE,Bisenti,30.8746,067007,119438.6819586327,106604.75180245252,108236.67415934133
ABRUZZO,TE,Campli,73.4239,067008,178595.1970679847,157014.52047630268,151074.65457432801
ABRUZZO,TE,Canzano,16.7371,067009,64130.25255271223,64200.421219924596,61447.914513266915
ABRUZZO,TE,Castel Castagna,18.159,067010,401622.1691723113,340629.84525579604,325893.2209923454
ABRUZZO,TE,Castellalto,34.1757,067011,41207.56473166606,36959.185034981,35072.777148675814
ABRUZZO,TE,Castelli,49.6808,067012,92885.9426579282,87264.50560377451,79463.14270301607
ABRUZZO,TE,Castiglione Messer Raimondo,30.685,067013,51641.18526967574,26742.42496333714,26243.730487208733
ABRUZZO,TE,Castilenti,23.7941,067014,26872.473848559093,17506.38813823595,8750.298183163053
ABRUZZO,TE,Cellino Attanasio,43.9395,067015,54809.38108080428,47084.98549141433,48695.94465116809
ABRUZZO,TE,Cermignano,26.3628,067016,58863.140106513725,52526.510841033574,52976.06286130456
ABRUZZO,TE,Civitella del Tronto,77.7369,067017,75323.72708456343,68600.82393303564,69505.3459811235
ABRUZZO,TE,Colledara,18.013,067018,357371.0131571642,326106.25381668785,341459.7246433132
ABRUZZO,TE,Colonnella,21.633,067019,12349.473951832848,12066.208107983175,12066.207645726436
ABRUZZO,TE,Controguerra,22.8144,067020,39226.62923416789,36042.33072094817,34054.17192650256
ABRUZZO,TE,Corropoli,22.1135,067021,167265.12944581363,136661.78578696278,170170.0780066475
ABRUZZO,TE,Cortino,62.9439,067022,36896.42856575459,33846.578461137615,31834.301973662263
ABRUZZO,TE,Crognaleto,124.3021,067023,31354.47108295032,28251.396637707647,25589.371700075862
ABRUZZO,TE,Fano Adriano,35.7723,067024,19427.555958101657,19199.891256642713,15311.338661478296
ABRUZZO,TE,"Isola del Gran Sasso d'Italia",84.0449,067026,77722.76307069197,67193.7522681329,65217.44032059052
ABRUZZO,TE,Martinsicuro,14.6267,067047,17858.771288123775,17329.563743017905,17030.868206772546
ABRUZZO,TE,Montefino,18.5937,067027,63860.35592700754,48121.15286360435,40924.92457122574
ABRUZZO,TE,Montorio al Vomano,53.5649,067028,629890.2816956623,568743.7909899949,564588.4375775928
ABRUZZO,TE,"Morro d'Oro",28.7269,067029,3259.6193811375397,3045.24644148864,2978.0877853162015
ABRUZZO,TE,"Mosciano Sant'Angelo",48.4474,067030,25039.75342330032,23806.00610146262,23385.908222113052
ABRUZZO,TE,Nereto,7.0112,067031,74009.88846417161,44550.41077133729,49559.671668188035
ABRUZZO,TE,Notaresco,38.1502,067032,32338.717490340812,32542.79715440549,27011.21147464496
ABRUZZO,TE,"Penna Sant'Andrea",11.0982,067033,250130.0273918293,229307.93552107544,206124.87790812925
ABRUZZO,TE,Pietracamela,44.4851,067034,89659.17846649776,67637.96327309593,52817.32759957828
ABRUZZO,TE,Pineto,38.1126,067035,2241.172473145364,1853.9050077926984,1933.1006019006838
ABRUZZO,TE,Rocca Santa Maria,61.7982,067036,48659.20868245353,43618.71397548796,40919.396519639726
ABRUZZO,TE,Roseto degli Abruzzi,53.2598,067037,16379.206643659947,15184.749285577489,11669.535935170617
ABRUZZO,TE,"Sant'Egidio alla Vibrata",18.3617,067038,221655.6092300822,159156.0677932871,171673.99478261816
ABRUZZO,TE,"Sant'Omero",34.2025,067039,22408.275126087276,22289.1852934727,25006.554784007014
ABRUZZO,TE,Teramo,152.8387,067041,406169.88524503267,330875.98703731474,324104.42106613057
ABRUZZO,TE,Torano Nuovo,10.2172,067042,76067.94425087108,70347.23994832244,83471.35222957368
ABRUZZO,TE,Torricella Sicura,54.3802,067043,219170.86163714004,194276.7303172846,193082.67567975106
ABRUZZO,TE,Tossicia,27.1359,067045,186792.33082374267,174928.7556336808,180984.35946476812
ABRUZZO,TE,Valle Castellana,131.7532,067046,37002.37565387405,33237.58618386498,33093.65799084956
LAZIO,RI,Accumoli,87.3429,057001,127221.55195213345,115443.07780025623,102042.2159099366
LAZIO,RI,Amatrice,174.3849,057002,546319.5656275289,508379.92624361423,474134.09784906864
LAZIO,RI,Antrodoco,63.9043,057003,228546.26058027396,196074.88619701655,184354.6490611743
LAZIO,RI,Belmonte in Sabina,23.6446,057005,675.2751156712314,7856.088916708254,3928.0448812836757
LAZIO,RI,Borbona,47.9481,057006,224909.87713798883,176828.7079154336,153188.60309376183
LAZIO,RI,Borgo Velino,18.2929,057008,121999.24451563176,72046.1222660158,50756.69303390933
LAZIO,RI,Cantalice,37.624,057009,62689.84079311077,54980.816234318525,50005.31628747608
LAZIO,RI,Casaprota,14.5461,057011,2278.075910381477,2207.8529640247216,2099.8762554911627
LAZIO,RI,Casperia,25.3087,057012,2964.6433835005355,2732.739334695184,2732.739334695184
LAZIO,RI,"Castel Sant'Angelo",31.2697,057015,58608.967466908856,62010.231949778856,55680.90195940479
LAZIO,RI,Castelnuovo di Farfa,8.8422,057014,9991.048607812536,9991.04747687227,3209.8968582479474
LAZIO,RI,Cittaducale,71.2532,057016,214796.2696412231,178892.66180325937,172414.96171400018
LAZIO,RI,Cittareale,59.6602,057017,105509.078581701,86630.69081230035,79436.57446672993
LAZIO,RI,Collevecchio,26.9475,057021,14526.784673902957,15028.674645143334,15028.674645143334
LAZIO,RI,Concerviano,21.3896,057023,25554.310506040318,24718.141526723266,20027.8598010248
LAZIO,RI,Contigliano,53.5447,057025,59113.87233470352,57665.801470547034,53134.671965666064
LAZIO,RI,Cottanello,36.6914,057026,18908.086636105465,15365.063475364797,13012.317872853038
LAZIO,RI,Fiamignano,100.618,057028,14563.687709952497,13958.419368303883,13190.398537041085
LAZIO,RI,Forano,17.6853,057029,10214.23781332519,9932.31949698337,9602.1543315635
LAZIO,RI,Greccio,17.8535,057031,8772.220012882628,6076.516649396476,5954.565211303106
LAZIO,RI,Leonessa,204.0155,057033,146980.7231313307,142531.0403866373,129816.48860013086
LAZIO,RI,Magliano Sabina,43.1623,057035,13364.673800979093,13076.03417797476,6310.424374975383
LAZIO,RI,Marcetelli,11.0838,057036,36287.917501218,38525.86387340081,38525.86387340081
LAZIO,RI,Micigliano,36.8517,057037,3405.331911417926,3566.039829912867,3566.0395585549645
LAZIO,RI,Mompeo,10.8922,057038,19636.80523677494,13008.448247369675,13008.448247369675
LAZIO,RI,Monte San Giovanni in Sabina,30.757,057043,4065.029099066879,4325.363982182917,4325.363982182917
LAZIO,RI,Pescorocchiano,94.7728,057049,2733.091245589452,2681.580474566542,2681.5803690510356
LAZIO,RI,Petrella Salto,102.9304,057050,3223.569810279567,2990.912402944125,2990.912402944125
LAZIO,RI,Poggio Bustone,22.3815,057051,24946.754685789605,25610.70884435807,23205.746263655252
LAZIO,RI,Poggio Mirteto,26.3948,057053,5757.257111249185,3788.9644930061986,3788.9644930061986
LAZIO,RI,Poggio Moiano,26.9469,057054,13510.27650675959,11958.5833620936,10897.850958737368
LAZIO,RI,Poggio Nativo,16.4555,057055,3822.2284342621006,2732.0202971650815,2732.0202971650815
LAZIO,RI,Posta,66.0132,057057,90885.0169360068,92373.6881411597,80409.43735495325
LAZIO,RI,Rieti,206.455,057059,107091.2232205565,104705.84437286574,93897.90336877287
LAZIO,RI,Rivodutri,26.7898,057060,11452.65884777042,11605.480817325997,10340.833824813923
LAZIO,RI,Rocca Sinibalda,49.5551,057062,803.6135533981366,720.8727255116022,720.8727255116022
LAZIO,RI,Roccantica,16.7231,057061,2490.519700294802,1236.114117597814,1231.6131578475283
LAZIO,RI,Salisano,17.5958,057063,18296.64351720297,18223.015719660372,13707.80243012537
LAZIO,RI,Selci,7.7281,057065,4621.780256466661,4169.667835561134,4075.8763473557533
LAZIO,RI,Tarano,19.9797,057067,84748.39812409595,85819.08587216023,85687.15946685885
LAZIO,RI,Torri in Sabina,26.3048,057070,4317.631763024239,3566.6395486755264,3510.196618107722
LAZIO,RI,Torricella in Sabina,25.7914,057069,2756.9565824267006,1330.8405127290491,1330.840125002908
LAZIO,RM,Filacciano,5.6583,058037,131572.5359206829,154219.62073414278,154219.62073414278
LAZIO,VT,Orte,69.559,056042,898.5720036228238,845.6526114521486,826.8655386075131
MARCHE,AN,Ancona,125.126,042002,39322.11714591692,37665.27524255551,35748.73311701805
MARCHE,AN,Arcevia,128.3311,042003,4390.716591691336,4790.124996980468,4790.124996980468
MARCHE,AN,Belvedere Ostrense,29.4501,042005,33158.684350817144,26725.859674500258,26725.859674500258
MARCHE,AN,Castelbellino,6.0264,042008,134021.69454400637,147332.87866719768,147332.87866719768
MARCHE,AN,Castelfidardo,33.4065,042010,11386.936374657625,10718.85860536123,10718.85860536123
MARCHE,AN,Castelleone di Suasa,15.9198,042011,14847.34670033543,14874.489001118105,14874.489001118105
MARCHE,AN,Castelplanio,15.3181,042012,89618.90247485002,90023.69876159575,97957.68796391197
MARCHE,AN,"Cerreto d'Esi",16.9129,042013,282527.75159789267,277956.93701257627,285052.89453612326
MARCHE,AN,Cupramontana,27.4029,042016,163854.93141236875,164065.20623729608,159922.02321652087
MARCHE,AN,Fabriano,272.0792,042017,137309.89748573207,137000.04329621667,138120.13443144498
MARCHE,AN,Falconara Marittima,25.9277,042018,6987.370264234775,6395.176587202104,6395.176587202104
MARCHE,AN,Filottrano,71.2015,042019,24236.912986383715,25568.21625948892,22171.29302051221
MARCHE,AN,Genga,73.1543,042020,39523.24196937158,39129.12282668279,59983.79493754982
MARCHE,AN,Jesi,108.9032,042021,3746.9857635037356,4050.5355214539154,3815.8901666801344
MARCHE,AN,Loreto,17.8953,042022,12131.952523847043,4252.770280464703,4252.770280464703
MARCHE,AN,Maiolati Spontini,21.4922,042023,312970.46044611535,282586.169866277,277970.68797051953
MARCHE,AN,Mergo,7.2775,042024,67686.01030573687,68780.51253864651,67956.88079697698
MARCHE,AN,Monte Roberto,13.5901,042029,115898.57101860913,121412.52382248842,109871.05466479275
MARCHE,AN,Monte San Vito,21.8136,042030,27833.347544651042,28688.785436608352,28688.785436608352
MARCHE,AN,"Morro d'Alba",19.4605,042031,21498.35358803731,21876.03144831839,22847.387271652835
MARCHE,AN,Offagna,10.6305,042033,23339.80245519966,21451.12459432764,18489.96566483232
MARCHE,AN,Osimo,106.7377,042034,2342.547010100461,1849.67157808347,1240.562706522625
MARCHE,AN,Ostra,47.2517,042035,23592.290224478696,15669.336976235776,15669.336976235776
MARCHE,AN,Poggio San Marcello,13.3629,042037,10056.20860741306,9891.041615218253,9891.041615218253
MARCHE,AN,Polverigi,24.9832,042038,472.1769028787345,471.1229946524064,471.1229946524064
MARCHE,AN,Rosora,9.4061,042040,27750.897821626393,29041.026567865538,28339.22029321398
MARCHE,AN,San Marcello,25.7778,042041,4210.215379124673,3648.5386650528753,28961.918006967237
MARCHE,AN,San Paolo di Jesi,10.1118,042042,30331.774758203283,29687.535354734075,29575.423762337072
MARCHE,AN,Santa Maria Nuova,18.2869,042043,37263.0516927418,41840.30207416238,51873.17423948291
MARCHE,AN,Sassoferrato,137.2275,042044,40872.93181031499,39466.73210544534,40113.45182270319
MARCHE,AN,Serra San Quirico,49.333,042047,55743.902458800396,57369.947296941195,61652.83238400259
MARCHE,AN,"Serra de' Conti",24.543,042046,12290.173980361,13386.265330236727,13386.265330236727
MARCHE,AN,Sirolo,16.6924,042048,95795.74297284993,93203.29611080492,67314.27416069589
MARCHE,AN,Staffolo,27.4964,042049,136224.4493824646,124551.23725287674,119395.59978760855
MARCHE,AP,Acquasanta Terme,138.3914,044001,499651.3841177991,535104.7106973407,520031.25815621443
MARCHE,AP,Acquaviva Picena,21.0458,044002,46163.20691064251,44909.592887892126,41859.038382955274
MARCHE,AP,Appignano del Tronto,23.1943,044005,462418.7283082482,458054.825107893,445820.43562426977
MARCHE,AP,Arquata del Tronto,92.1833,044006,577517.2740615706,514759.90792258456,484216.01808570523
MARCHE,AP,Ascoli Piceno,158.0203,044007,1011329.9411531307,1020670.8192555017,1042241.6271200613
MARCHE,AP,Carassai,22.2382,044010,107350.45012635914,105796.4408090583,104881.00385822593
MARCHE,AP,Castel di Lama,10.9762,044011,3934295.3417394003,3817401.833968038,3918236.6401851256
MARCHE,AP,Castignano,38.7952,044012,296192.77977687964,309786.3617148514,298376.1493689941
MARCHE,AP,Castorano,14.0833,044013,325373.46147564857,316775.44396554783,301826.03154090303
MARCHE,AP,Colli del Tronto,5.9391,044014,1186700.4697681465,1188254.0957384114,1165114.655419171
MARCHE,AP,Comunanza,54.3954,044015,315255.78486416134,311082.21338569076,317529.17176820093
MARCHE,AP,Cossignano,15.1061,044016,306015.6512931861,330558.5247019416,321269.2673820511
MARCHE,AP,Cupra Marittima,17.4326,044017,7759.361196838107,4872.827920103713,4872.827920103713
MARCHE,AP,Folignano,14.8569,044020,1086843.9082177307,1090193.561913993,1117038.8513081465
MARCHE,AP,Force,34.3072,044021,337586.54684730916,352127.3951240556,371506.5455647794
MARCHE,AP,Grottammare,18.097,044023,80693.55252251754,123122.85572194288,119468.26822125213
MARCHE,AP,Maltignano,8.1726,044027,649454.438000147,682850.033037222,812336.6382791278
MARCHE,AP,Massignano,16.3195,044029,6720.346211587364,6044.188853825178,3788.1663041147094
MARCHE,AP,Monsampolo del Tronto,15.4334,044031,256971.6510943797,273244.57475345675,273244.57475345675
MARCHE,AP,Montalto delle Marche,33.9518,044032,273805.2792488174,298461.56904788554,283548.12292720855
MARCHE,AP,Montedinove,11.9333,044034,532172.6320464582,604704.7086723705,602025.3986742981
MARCHE,AP,"Montefiore dell'Aso",28.2074,044036,119802.70035522593,112863.33479866985,106543.50383232768
MARCHE,AP,Montegallo,48.4639,044038,442894.8613297731,466378.26918592997,490444.51437049
MARCHE,AP,Montemonaco,67.7925,044044,277167.704097061,277317.56152966776,273489.6748165358
MARCHE,AP,Monteprandone,26.3745,044045,45142.00079622362,24860.662382225255,24719.43923107547
MARCHE,AP,Offida,49.4354,044054,324300.23768392694,376161.38313839876,382772.22415516
MARCHE,AP,Palmiano,12.6977,044056,116925.86925191176,122606.55473038426,151241.3933232003
MARCHE,AP,Ripatransone,74.2773,044063,37220.51111173939,47702.319820456585,47558.19355307745
MARCHE,AP,Roccafluvione,60.6319,044064,213956.26130799126,229108.45545001887,251293.1536039609
MARCHE,AP,Rotella,27.4373,044065,593813.8184150774,595631.1207735456,590416.4433089262
MARCHE,AP,San Benedetto del Tronto,25.4718,044066,NULL,NULL,32512.542105387132
MARCHE,AP,Spinetoli,12.5824,044071,129694.8769710071,106796.04288530009,105683.9966937945
MARCHE,AP,Venarotta,30.2096,044073,366746.4418595412,373236.4622504106,395497.17142894986
MARCHE,FM,Amandola,69.494,109002,390107.26897286106,378152.0649264686,381486.63970990304
MARCHE,FM,Belmonte Piceno,10.5319,109003,175528.19909038255,186268.06843969272,194126.0086024364
MARCHE,FM,Campofilone,12.231,109004,25040.787343635027,27446.287302755292,27446.287302755292
MARCHE,FM,Falerone,24.6124,109005,513120.4843899825,517836.464140027,511318.8161252051
MARCHE,FM,Fermo,124.6982,109006,250002.17926160913,259204.68843976888,247007.94638575375
MARCHE,FM,"Francavilla d'Ete",10.2041,109007,26744.281220293797,29118.756186238865,29118.756186238865
MARCHE,FM,Grottazzolina,9.2618,109008,128048.28435077416,115343.54337169882,105984.63905504331
MARCHE,FM,Lapedona,14.9249,109009,2151.1353509906266,1657.2801157796705,1657.2801157796705
MARCHE,FM,Magliano di Tenna,7.9294,109010,142468.08964108254,180501.4616490529,175911.1660403057
MARCHE,FM,Massa Fermana,7.7793,109011,118792.55460002829,131174.6776702274,131174.6776702274
MARCHE,FM,Monsampietro Morico,9.7625,109012,98562.88962868118,99154.06299615877,99154.06299615877
MARCHE,FM,Montappone,10.3534,109013,389733.85264743946,353995.5038924411,352682.9785384511
MARCHE,FM,Monte Giberto,12.5337,109016,35380.49418767004,45924.87453824489,45924.87453824489
MARCHE,FM,Monte Rinaldo,7.9216,109021,401098.52933750756,381298.6580993739,361248.838618461
MARCHE,FM,Monte San Pietrangeli,18.4509,109023,52379.028123289376,54297.50852261949,52104.84475012059
MARCHE,FM,Monte Urano,16.7181,109024,48852.67404788821,49354.695210580154,54735.051231898375
MARCHE,FM,Monte Vidon Combatte,11.1669,109025,48846.86887139671,54560.972158790704,53989.776034530616
MARCHE,FM,Monte Vidon Corrado,5.949,109026,250732.83408976303,250551.8372835771,241553.58211464112
MARCHE,FM,Montefalcone Appennino,15.992,109014,247467.05040020007,232782.37493746876,222951.43134067033
MARCHE,FM,Montefortino,78.6156,109015,269918.8631772828,269155.4716875529,306021.6568976131
MARCHE,FM,Montegiorgio,47.4458,109017,239178.57513204546,250970.99384982433,252182.99828435804
MARCHE,FM,Montegranaro,31.4182,109018,86194.03275808289,73659.45916697965,72638.45255297884
MARCHE,FM,Monteleone di Fermo,8.2142,109019,127798.74363906408,133100.0109566361,133100.0109566361
MARCHE,FM,Montelparo,21.6262,109020,120402.8275887581,123216.12719756593,100485.48843532382
MARCHE,FM,Monterubbiano,32.2352,109022,1506.6793443192535,1696.7851913436243,1696.788293542463
MARCHE,FM,Montottone,16.3789,109027,410675.1173766247,413586.3830904395,412933.1035661735
MARCHE,FM,Ortezzano,7.0749,109029,111162.20299933567,117088.45778738921,114498.75192582227
MARCHE,FM,Pedaso,3.8664,109030,85140.11742189116,92586.60511069729,89036.89737223258
MARCHE,FM,Petritoli,24.0023,109031,46844.87819917258,41974.89782229203,39430.38500477037
MARCHE,FM,Porto San Giorgio,8.8509,109033,44993.254923228145,49997.068094770024,49997.068094770024
MARCHE,FM,"Porto Sant'Elpidio",18.1489,109034,12904.015119373626,15882.720715856058,30214.098375108133
MARCHE,FM,Rapagnano,12.6456,109035,53180.79569178213,61319.553836907704,129069.85829063074
MARCHE,FM,"Sant'Elpidio a Mare",50.5171,109037,40456.55985794909,42432.56144948938,41230.67693909587
MARCHE,FM,Santa Vittoria in Matenano,26.179,109036,168035.29699377363,176883.59754001297,168510.37892967646
MARCHE,FM,Servigliano,18.4918,109038,232475.06354167796,238913.69525952035,240727.6966006554
MARCHE,FM,Smerillo,11.2924,109039,284175.88909354963,283417.11593638203,308266.853813184
MARCHE,FM,Torre San Patrizio,11.9329,109040,105697.382027839,114509.8065013534,102992.61537430131
MARCHE,MC,Apiro,53.7792,043002,228323.56580239206,239648.61842496728,237853.8003540402
MARCHE,MC,Appignano,22.6722,043003,240227.8085055707,239407.086652376,220190.24488139662
MARCHE,MC,Belforte del Chienti,16.0545,043004,698067.7361487432,719548.9308293624,828948.4811112148
MARCHE,MC,Bolognola,25.8647,043005,97874.65039223344,100422.55970492603,92612.72235904534
MARCHE,MC,Caldarola,29.2218,043006,942685.8585028982,967871.7714172298,970960.1633027396
MARCHE,MC,Camerino,129.8821,043007,657644.7401912966,670034.7108646999,700831.3242548438
MARCHE,MC,Camporotondo di Fiastrone,8.8058,043008,648297.4278316564,656789.3660996162,574818.3061164233
MARCHE,MC,Castelraimondo,44.8463,043009,581155.7952384029,595777.8311700186,596931.028200766
MARCHE,MC,Castelsantangelo sul Nera,70.6731,043010,107743.37024978387,113285.12262798713,112295.50946541186
MARCHE,MC,Cessapalombo,27.5803,043011,248715.18728947834,250204.68087729288,267372.6449676037
MARCHE,MC,Cingoli,148.1969,043012,172564.7127571494,177428.53554966394,180035.04432278938
MARCHE,MC,Civitanova Marche,46.1219,043013,10449.790663437543,10617.981696330811,7993.0633820376015
MARCHE,MC,Colmurano,11.1987,043014,466876.1561609829,467468.29899899097,495475.6650325484
MARCHE,MC,Corridonia,61.9643,043015,298468.627742103,260899.15063996532,256694.51264679828
MARCHE,MC,Esanatoglia,47.909,043016,197551.85372268266,200544.46429689604,201374.6738608611
MARCHE,MC,Fiastra,84.4799,043017,279332.2426991508,281572.9471744165,305221.0890401148
MARCHE,MC,Fiuminata,76.2169,043019,52081.95150944213,50000.096828918526,49787.42864115438
MARCHE,MC,Gagliole,24.0501,043020,270393.3908798716,285447.7823377034,304187.67156893323
MARCHE,MC,Gualdo,22.2234,043021,571752.6940072178,568575.6369412423,531371.0755329969
MARCHE,MC,Loro Piceno,32.5783,043022,299115.33689603204,322604.8096432288,354983.05896870006
MARCHE,MC,Macerata,92.5263,043023,637074.9872198498,660744.3478232675,653267.9006941806
MARCHE,MC,Matelica,81.1,043024,733566.8413070284,682617.0536374846,762644.1182490751
MARCHE,MC,Mogliano,29.2582,043025,346025.16867066326,351223.54109275347,344092.43323239294
MARCHE,MC,Monte Cavallo,38.5079,043027,87201.39140280306,91886.07246824677,90113.9677832341
MARCHE,MC,Monte San Giusto,20.0369,043031,80904.06899270846,82929.63831730458,81334.77883305303
MARCHE,MC,Monte San Martino,18.4669,043032,255967.02586790416,251614.14801618035,217998.15020387832
MARCHE,MC,Montecassiano,33.3569,043026,69183.39414034277,92866.34909119252,91568.35617218625
MARCHE,MC,Montecosaro,21.8779,043028,51795.90088628251,29523.309366986778,22153.78349841621
MARCHE,MC,Montefano,33.9412,043029,55893.90563680719,53781.79174572495,49857.57044535844
MARCHE,MC,Montelupone,32.6715,043030,133711.36739972144,116012.28440689895,119095.83735059606
MARCHE,MC,Morrovalle,42.5803,043033,60399.908408348456,56551.537917769485,56836.99786051296
MARCHE,MC,Muccia,25.9085,043034,864896.8948414612,849685.9632938995,783901.404944323
MARCHE,MC,Penna San Giovanni,28.0835,043035,264183.417309096,249215.0668542026,253681.04474157415
MARCHE,MC,Petriolo,15.6459,043036,386716.36850548716,375613.8962923194,386886.5044516455
MARCHE,MC,Pieve Torina,74.7979,043038,377100.40950347536,390201.5493750492,420048.8968273173
MARCHE,MC,Pioraco,19.4522,043039,846258.2427694551,867640.5979786349,814343.4393024953
MARCHE,MC,Poggio San Vicino,13.0308,043040,36303.41191638272,36868.29127912331,36685.720753906135
MARCHE,MC,Pollenza,39.5473,043041,333906.2320310108,345715.4222917873,322549.7583905854
MARCHE,MC,Porto Recanati,17.3019,043042,7404.955525115739,7551.742294198903,7368.248573856051
MARCHE,MC,Potenza Picena,48.5947,043043,50287.44636760799,48828.5660781937,48281.81159673792
MARCHE,MC,Recanati,103.4424,043044,37110.43653279506,41138.600322498314,41012.70059472711
MARCHE,MC,Ripe San Ginesio,10.1694,043045,714962.9870002164,716034.5782445375,768977.0930438375
MARCHE,MC,San Ginesio,78.0195,043046,721963.8540364911,738532.1426053748,748644.6248694242
MARCHE,MC,San Severino Marche,194.2547,043047,650575.552457675,663362.9450407113,695927.0982375193
MARCHE,MC,"Sant'Angelo in Pontano",27.3837,043048,411234.05858229514,414508.4057304162,441856.1717372012
MARCHE,MC,Sarnano,63.1659,043049,610345.4854597179,585481.3294831548,577311.4045711373
MARCHE,MC,Sefro,42.537,043050,91518.53421726968,87453.37800032913,87403.5630157275
MARCHE,MC,Serrapetrona,37.6468,043051,334105.71708618,326524.7606702298,410642.2362591245
MARCHE,MC,Serravalle di Chienti,95.9874,043052,86816.63822543374,87420.47372884359,82672.10800584246
MARCHE,MC,Tolentino,95.1181,043053,1901946.422815426,1987645.9922979965,2075178.6542203857
MARCHE,MC,Treia,93.5356,043054,305385.13026056386,310165.6056089875,299341.6028763381
MARCHE,MC,Urbisaglia,22.8633,043055,197526.3842052547,206523.65887689003,239241.0758726868
MARCHE,MC,Ussita,55.2948,043056,251782.08674233375,273194.2209755709,277625.2685605157
MARCHE,MC,Valfornace,48.6127,043058,504441.6491986662,475230.4081032325,503491.325723525
MARCHE,MC,Visso,100.4154,043057,227980.8923730823,246703.04525003134,254922.63865901044
MARCHE,PU,Cagli,226.4576,041007,2216.5177940594617,2024.090469915781,2005.0489804713995
MARCHE,PU,Cantiano,83.2457,041008,2402.3279280491365,2157.2301031765005,2157.2301031765005
MARCHE,PU,Mondavio,29.6353,041028,11950.916305891958,11856.872041113133,11856.872041113133
MARCHE,PU,Pergola,112.3954,041043,23065.68729681108,21312.150853148793,21078.385948179373
MARCHE,PU,San Lorenzo in Campo,28.798,041054,6973.212723105772,4856.018473505104,3329.665949024238
MARCHE,PU,"Serra Sant'Abbondio",32.801,041061,22589.522880399985,17529.7600682906,16974.373037407397
UMBRIA,PG,Assisi,187.1954,054001,15297.299933652219,14935.224583510064,13168.51968584698
UMBRIA,PG,Bastia Umbra,27.5988,054002,56467.88048755743,50080.02630549154,42229.8712262852
UMBRIA,PG,Bettona,45.0747,054003,26432.62162587882,22557.228334298397,17310.283595897476
UMBRIA,PG,Bevagna,56.222,054004,97539.99697627265,106947.81491231191,92911.20362135819
UMBRIA,PG,Campello sul Clitunno,49.7616,054005,61503.31239349217,60248.572393170645,36327.19506607505
UMBRIA,PG,Cannara,32.8093,054006,48105.85748553001,44411.6479169016,24817.36397911568
UMBRIA,PG,Cascia,180.8333,054007,262721.82833582105,233293.59686517913,169957.41525482302
UMBRIA,PG,Castel Ritaldi,22.4414,054008,93534.93231260081,80880.15542702327,76125.58619337474
UMBRIA,PG,Cerreto di Spoleto,74.7826,054010,72226.58305541662,61645.61863321146,52223.192694557285
UMBRIA,PG,Collazzone,55.5633,054014,28658.70223690817,17739.983946237895,13611.27704797951
UMBRIA,PG,Deruta,44.5594,054017,124366.31036324547,111735.97512533831,103034.15104332645
UMBRIA,PG,Foligno,264.6556,054018,86640.97589470996,82057.49392795774,65274.704672789856
UMBRIA,PG,Fossato di Vico,35.3901,054019,27043.551445178175,23668.136004136755,19044.87950019921
UMBRIA,PG,Fratta Todina,17.4281,054020,30713.342819928734,28198.601109702147,23576.486249218215
UMBRIA,PG,"Giano dell'Umbria",44.4751,054021,51365.87618690009,37836.838815427065,35393.21035815546
UMBRIA,PG,Gualdo Cattaneo,96.6236,054022,21553.6190951279,23448.045301561942,18140.428942825565
UMBRIA,PG,Gualdo Tadino,124.2828,054023,28948.47911376313,29693.955237571095,25820.519009871037
UMBRIA,PG,Gubbio,525.7677,054024,7683.240031671782,6036.527785940445,4600.788789421639
UMBRIA,PG,Marsciano,161.5282,054027,48978.55810935799,47009.394768220045,41456.47131584454
UMBRIA,PG,Massa Martana,78.4082,054028,14661.041574733257,13474.703793735858,11490.191969717453
UMBRIA,PG,Monte Castello di Vibio,31.9491,054029,21474.689740869067,19089.844471362263,16780.853294771998
UMBRIA,PG,Montefalco,69.5123,054030,98399.07325753864,86940.50966519596,71595.80736071171
UMBRIA,PG,Monteleone di Spoleto,62.1649,054031,69427.41595337562,68509.69759462331,51694.45523116744
UMBRIA,PG,Nocera Umbra,157.164,054034,2543.2571072255737,2489.8082894301497,641.5773332315289
UMBRIA,PG,Norcia,275.567,054035,509355.52638741204,477042.45903900015,380315.2628580345
UMBRIA,PG,Passignano sul Trasimeno,81.332,054038,2747.4761471499537,2673.498131116904,1684.3430630010328
UMBRIA,PG,Perugia,449.6326,054039,2728.882091734451,2336.4478465307006,2275.966022036658
UMBRIA,PG,Piegaro,99.0721,054040,586.2934166127496,562.620556140427,281.3103790068041
UMBRIA,PG,Poggiodomo,40.0939,054042,38018.14964371139,37889.94635094116,23007.741327234315
UMBRIA,PG,Preci,82.0198,054043,135475.3594863679,127802.60656573174,93942.57752396374
UMBRIA,PG,"Sant'Anatolia di Narco",46.5485,054045,41752.92973994865,44659.26442312857,38119.542197922594
UMBRIA,PG,Scheggia e Pascelupo,64.1498,054046,8468.48018232325,7293.306292459213,4759.629803990037
UMBRIA,PG,Scheggino,35.8493,054047,16820.07905314748,13734.6525594642,10485.809206874334
UMBRIA,PG,Sellano,85.8382,054048,56731.73365704313,53167.14318333795,47655.87116225643
UMBRIA,PG,Spello,61.6443,054050,92599.0732314261,82044.05403257073,64253.38676893081
UMBRIA,PG,Spoleto,348.1366,054051,241670.96010588936,236805.50505175252,195342.15825052583
UMBRIA,PG,Todi,222.8556,054052,37398.331071779205,36918.51283970427,31656.516551524834
UMBRIA,PG,Torgiano,37.6463,054053,1432.633220263346,1560.1031177034663,609.2285297625531
UMBRIA,PG,Trevi,71.1852,054054,34202.50922944658,23909.42049751915,13092.75762377573
UMBRIA,PG,Valfabbrica,92.3024,054057,3742.607667839623,2751.3507774445734,1626.4014803515402
UMBRIA,PG,Vallo di Nera,36.2211,054058,39993.93419857486,40333.5205170467,29889.44455027594
UMBRIA,PG,Valtopina,40.5735,054059,3345.4740162914213,3192.6525934415317,811.1466844122394
UMBRIA,TR,Acquasparta,81.6057,055001,21938.312274755317,14978.009501787252,16870.032608016354
UMBRIA,TR,Alviano,23.8952,055003,1285.8193277310925,1177.844504335599,150.37497070541363
UMBRIA,TR,Amelia,132.4965,055004,41132.631729894754,41560.7921718687,39098.12334665444
UMBRIA,TR,Arrone,41.032,055005,52445.20349970756,52204.517693507514,45376.29313706375
UMBRIA,TR,Avigliano Umbro,51.3386,055033,32698.03227980506,32075.860463666715,31111.96799289424
UMBRIA,TR,Baschi,68.5685,055007,2316.7743205699408,1801.3156186878814,854.1002063629801
UMBRIA,TR,"Calvi dell'Umbria",46.006,055008,5287.867669434422,5010.835977915924,4176.903230013476
UMBRIA,TR,Ferentillo,69.5861,055012,34954.13667384722,32557.058234331285,25714.750215919557
UMBRIA,TR,Giove,15.0881,055014,929157.420086028,956007.1765165925,956007.1765165925
UMBRIA,TR,Montecastrilli,62.4281,055017,25136.688126020174,25996.131229366263,22744.70759161339
UMBRIA,TR,Montecchio,49.2172,055018,7261.544744520209,5905.795128532302,6176.336118267597
UMBRIA,TR,Montefranco,10.0869,055019,51497.17554451813,52905.501194618766,35620.89244465593
UMBRIA,TR,Narni,197.9832,055022,25211.307676610944,10045.899652091692,9514.538253750823
UMBRIA,TR,Otricoli,27.4115,055024,8699.064626160553,7983.403680936834,5325.777866953651
UMBRIA,TR,San Venanzo,169.4519,055030,8373.832043193379,8167.466638025304,7923.946795521326
UMBRIA,TR,Stroncone,71.1554,055031,13731.3879199611,18882.272884419173,16718.346183142814
UMBRIA,TR,Terni,212.4261,055032,17254.32783447985,16657.576305359842,13129.015219881176
